item_name_key,item_name,item_category,view_session_items,cart_after_view_session_items,checkout_after_view_session_items,strict_purchase_session_items,all_purchase_session_items,view_share_pct,view_to_cart_rate_pct,view_to_checkout_rate_pct,strict_view_to_purchase_rate_pct,strict_checkout_to_purchase_rate_pct,strict_purchase_coverage_pct,benchmark_view_to_cart_rate_pct,benchmark_view_to_checkout_rate_pct,benchmark_strict_purchase_rate_pct
super g unisex joggers,Super G Unisex Joggers,Home/Apparel/Men's / Unisex/,17717,3940,226,140,218,1.64,22.24,1.28,0.79,61.95,64.22,24.8,1.37,0.83
google navy speckled tee,Google Navy Speckled Tee,Home/Apparel/Women's/,17193,4111,116,77,131,1.59,23.91,0.67,0.45,66.38,58.78,24.8,1.37,0.83
google zip hoodie f/c,Google Zip Hoodie F/C,Home/Apparel/,16786,4092,219,142,221,1.55,24.38,1.3,0.85,64.84,64.25,24.8,1.37,0.83
youtube icon tee grey,YouTube Icon Tee Grey,Home/Apparel/Men's / Unisex/,14083,2266,57,39,56,1.3,16.09,0.4,0.28,68.42,69.64,24.8,1.37,0.83
google campus bike eco tee navy,Google Campus Bike Eco Tee Navy,Home/Apparel/Women's/,13866,3517,33,22,40,1.28,25.36,0.24,0.16,66.67,55.0,24.8,1.37,0.83
google land & sea cotton cap,Google Land & Sea Cotton Cap,Home/Apparel/Hats/,11810,3760,130,93,107,1.09,31.84,1.1,0.79,71.54,86.92,24.8,1.37,0.83
google land & sea french terry sweatshirt,Google Land & Sea French Terry Sweatshirt,Home/Eco-Friendly/,11756,2021,44,24,28,1.09,17.19,0.37,0.2,54.55,85.71,24.8,1.37,0.83
youtube icon tee charcoal,YouTube Icon Tee Charcoal,Home/Apparel/Men's / Unisex/,11722,2145,104,61,83,1.08,18.3,0.89,0.52,58.65,73.49,24.8,1.37,0.83
google women's striped l/s,Google Women's Striped L/S,Home/Sale/,11484,3420,0,0,0,1.06,29.78,0.0,0.0,,,24.8,1.37,0.83
android sm s/f18 sticker sheet,Android SM S/F18 Sticker Sheet,Home/Stationery/,11422,3198,107,62,91,1.06,28.0,0.94,0.54,57.94,68.13,24.8,1.37,0.83
google f/c long sleeve tee charcoal,Google F/C Long Sleeve Tee Charcoal,Home/Apparel/Men's / Unisex/,11417,2893,0,0,0,1.06,25.34,0.0,0.0,,,24.8,1.37,0.83
android large removable sticker sheet,Android Large Removable Sticker Sheet,Home/Shop by Brand/Android/,11379,3161,58,33,48,1.05,27.78,0.51,0.29,56.9,68.75,24.8,1.37,0.83
google sherpa zip hoodie charcoal,Google Sherpa Zip Hoodie Charcoal,Home/Apparel/Men's / Unisex/,11326,2231,92,59,93,1.05,19.7,0.81,0.52,64.13,63.44,24.8,1.37,0.83
youtube leather strap hat black,YouTube Leather Strap Hat Black,Home/Apparel/Hats/,11129,3338,79,41,68,1.03,29.99,0.71,0.37,51.9,60.29,24.8,1.37,0.83
google heather green speckled tee,Google Heather Green Speckled Tee,Home/Apparel/Men's / Unisex/,11085,2071,44,32,63,1.02,18.68,0.4,0.29,72.73,50.79,24.8,1.37,0.83
google badge heavyweight pullover black,Google Badge Heavyweight Pullover Black,Home/Apparel/Men's / Unisex/,11012,3007,125,95,150,1.02,27.31,1.14,0.86,76.0,63.33,24.8,1.37,0.83
google crewneck sweatshirt navy,Google Crewneck Sweatshirt Navy,Home/Apparel/Men's / Unisex/,10587,3246,235,158,188,0.98,30.66,2.22,1.49,67.23,84.04,24.8,1.37,0.83
google speckled beanie navy,Google Speckled Beanie Navy,Home/Apparel/,9907,3205,98,65,87,0.92,32.35,0.99,0.66,66.33,74.71,24.8,1.37,0.83
youtube twill sandwich cap black,YouTube Twill Sandwich Cap Black,Home/Apparel/,9849,2773,671,62,88,0.91,28.16,6.81,0.63,9.24,70.45,24.8,1.37,0.83
google f/c long sleeve tee ash,Google F/C Long Sleeve Tee Ash,Home/Apparel/Men's / Unisex/,9623,2774,0,0,0,0.89,28.83,0.0,0.0,,,24.8,1.37,0.83
google small standard journal navy,Google Small Standard Journal Navy,Home/Sale/,9482,2845,47,18,44,0.88,30.0,0.5,0.19,38.3,40.91,24.8,1.37,0.83
google crewneck sweatshirt green,Google Crewneck Sweatshirt Green,Home/Apparel/Men's / Unisex/,9302,2830,151,104,150,0.86,30.42,1.62,1.12,68.87,69.33,24.8,1.37,0.83
google heathered pom beanie,Google Heathered Pom Beanie,Home/Apparel/,9280,3086,171,123,170,0.86,33.25,1.84,1.33,71.93,72.35,24.8,1.37,0.83
android super hero 3d framed art,Android Super Hero 3D Framed Art,Home/Sale/,9248,2413,24,17,27,0.85,26.09,0.26,0.18,70.83,62.96,24.8,1.37,0.83
android large trace journal black,Android Large Trace Journal Black,Home/Sale/,9216,2609,28,12,21,0.85,28.31,0.3,0.13,42.86,57.14,24.8,1.37,0.83
google land & sea journal set,Google Land & Sea Journal Set,Home/Eco-Friendly/,9009,2051,68,29,41,0.83,22.77,0.75,0.32,42.65,70.73,24.8,1.37,0.83
google tee yellow,Google Tee Yellow,Home/Sale/,8889,2485,37,22,31,0.82,27.96,0.42,0.25,59.46,70.97,24.8,1.37,0.83
android techie 3d framed art,Android Techie 3D Framed Art,Lifestyle/Small Goods/,8844,2466,33,23,35,0.82,27.88,0.37,0.26,69.7,65.71,24.8,1.37,0.83
google utility bag grey,Google Utility Bag Grey,Lifestyle/Small Goods/,8696,1917,80,45,58,0.8,22.04,0.92,0.52,56.25,77.59,24.8,1.37,0.83
android small trace journal black,Android Small Trace Journal Black,Stationery,8664,2383,20,10,14,0.8,27.5,0.23,0.12,50.0,71.43,24.8,1.37,0.83
google eco tee black,Google Eco Tee Black,Home/Apparel/Women's/,8631,1962,0,0,0,0.8,22.73,0.0,0.0,,,24.8,1.37,0.83
google leather strap hat blue,Google Leather Strap Hat Blue,Home/Apparel/Hats/,8351,3070,109,77,115,0.77,36.76,1.31,0.92,70.64,66.96,24.8,1.37,0.83
google tee green,Google Tee Green,Home/Sale/,8070,2198,41,14,17,0.75,27.24,0.51,0.17,34.15,82.35,24.8,1.37,0.83
youtube women's favorite tee white,YouTube Women's Favorite Tee White,Home/Sale/,8009,2198,3,2,5,0.74,27.44,0.04,0.02,66.67,40.0,24.8,1.37,0.83
google blue stojo cup,Google Blue Stojo Cup,Home/New/,7987,1577,71,28,38,0.74,19.74,0.89,0.35,39.44,73.68,24.8,1.37,0.83
google laptop sleeve charcoal,Google Laptop Sleeve Charcoal,Lifestyle/Bags/,7606,1560,22,9,12,0.7,20.51,0.29,0.12,40.91,75.0,24.8,1.37,0.83
android iconic hat black,Android Iconic Hat Black,Home/Apparel/Hats/,7549,2681,49,23,28,0.7,35.51,0.65,0.3,46.94,82.14,24.8,1.37,0.83
google land & sea nalgene water bottle,Google Land & Sea Nalgene Water Bottle,Drinkware,7493,1499,40,26,53,0.69,20.01,0.53,0.35,65.0,49.06,24.8,1.37,0.83
android iconic crewneck sweatshirt,Android Iconic Crewneck Sweatshirt,Home/Apparel/Men's / Unisex/,7377,1739,107,66,85,0.68,23.57,1.45,0.89,61.68,77.65,24.8,1.37,0.83
android garden tee orange,Android Garden Tee Orange,Home/Apparel/Women's/,7360,1484,24,12,27,0.68,20.16,0.33,0.16,50.0,44.44,24.8,1.37,0.83
google red speckled tee,Google Red Speckled Tee,Home/Apparel/Men's / Unisex/,7329,2097,147,113,135,0.68,28.61,2.01,1.54,76.87,83.7,24.8,1.37,0.83
google land & sea mug,Google Land & Sea Mug,Drinkware,7280,1536,53,37,38,0.67,21.1,0.73,0.51,69.81,97.37,24.8,1.37,0.83
google land & sea tech taco,Google Land & Sea Tech Taco,Home/New/,7253,1505,45,20,22,0.67,20.75,0.62,0.28,44.44,90.91,24.8,1.37,0.83
android iconic hat green,Android Iconic Hat Green,Home/Apparel/Hats/,7208,2677,25,13,24,0.67,37.14,0.35,0.18,52.0,54.17,24.8,1.37,0.83
youtube jotter task pad,YouTube Jotter Task Pad,Home/Stationery/,7040,1507,89,44,54,0.65,21.41,1.26,0.63,49.44,81.48,24.8,1.37,0.83
google leather strap hat black,Google Leather Strap Hat Black,Home/Apparel/Hats/,6889,2630,2,0,33,0.64,38.18,0.03,0.0,0.0,0.0,24.8,1.37,0.83
google land & sea women's eco tee,Google Land & Sea Women's Eco Tee,Home/New/,6866,1306,6,5,10,0.63,19.02,0.09,0.07,83.33,50.0,24.8,1.37,0.83
google sherpa zip hoodie navy,Google Sherpa Zip Hoodie Navy,Home/Apparel/Men's / Unisex/,6800,944,51,34,71,0.63,13.88,0.75,0.5,66.67,47.89,24.8,1.37,0.83
google speckled beanie grey,Google Speckled Beanie Grey,Home/Apparel/Hats/,6742,2618,59,46,66,0.62,38.83,0.88,0.68,77.97,69.7,24.8,1.37,0.83
android iconic beanie,Android Iconic Beanie,Home/Apparel/Hats/,6503,2601,29,18,23,0.6,40.0,0.45,0.28,62.07,78.26,24.8,1.37,0.83
google land & sea unisex tee,Google Land & Sea Unisex Tee,Home/New/,6283,1240,2,0,0,0.58,19.74,0.03,0.0,0.0,,24.8,1.37,0.83
android iconic hat white,Android Iconic Hat White,Home/Apparel/Hats/,6278,2548,24,17,23,0.58,40.59,0.38,0.27,70.83,73.91,24.8,1.37,0.83
google beekeepers tee mint,Google Beekeepers Tee Mint,Home/Apparel/Women's/,6148,1433,57,40,46,0.57,23.31,0.93,0.65,70.18,86.96,24.8,1.37,0.83
noogler android figure,Noogler Android Figure,Lifestyle/,6123,1318,112,68,97,0.57,21.53,1.83,1.11,60.71,70.1,24.8,1.37,0.83
google large tote white,Google Large Tote White,Lifestyle/Bags/,6110,1237,73,51,73,0.56,20.25,1.19,0.83,69.86,69.86,24.8,1.37,0.83
youtube small sticker sheet,YouTube Small Sticker Sheet,Home/Shop by Brand/YouTube/,6076,1186,3,2,12,0.56,19.52,0.05,0.03,66.67,16.67,24.8,1.37,0.83
google glass bottle,Google Glass Bottle,Lifestyle/Drinkware/,5924,1671,109,56,84,0.55,28.21,1.84,0.95,51.38,66.67,24.8,1.37,0.83
stan and friends tee green,Stan and Friends Tee Green,Home/Apparel/Women's/,5914,1409,43,25,37,0.55,23.82,0.73,0.42,58.14,67.57,24.8,1.37,0.83
google campus bike bottle,Google Campus Bike Bottle,Lifestyle/Drinkware/,5727,1483,39,23,32,0.53,25.89,0.68,0.4,58.97,71.88,24.8,1.37,0.83
youtube standards zip hoodie black,YouTube Standards Zip Hoodie Black,Home/Shop by Brand/YouTube/,5702,920,22,11,15,0.53,16.13,0.39,0.19,50.0,73.33,24.8,1.37,0.83
google cork base tumbler,Google Cork Base Tumbler,Lifestyle/Drinkware/,5609,1526,38,24,34,0.52,27.21,0.68,0.43,63.16,70.59,24.8,1.37,0.83
google women's microfleece jacket black,Google Women's Microfleece Jacket Black,Home/Apparel/Women's/,5590,1281,42,31,33,0.52,22.92,0.75,0.55,73.81,93.94,24.8,1.37,0.83
google land & sea tote bag,Google Land & Sea Tote Bag,Home/New/,5560,1060,44,23,33,0.51,19.06,0.79,0.41,52.27,69.7,24.8,1.37,0.83
google men's tech fleece grey,Google Men's Tech Fleece Grey,Home/Apparel/Men's / Unisex/,5495,1697,93,67,91,0.51,30.88,1.69,1.22,72.04,73.63,24.8,1.37,0.83
google campus bike tote navy,Google Campus Bike Tote Navy,Lifestyle/Bags/,5492,909,58,40,49,0.51,16.55,1.06,0.73,68.97,81.63,24.8,1.37,0.83
youtube transmission journal red,YouTube Transmission Journal Red,Home/Stationery/Notebooks/,5489,961,16,10,20,0.51,17.51,0.29,0.18,62.5,50.0,24.8,1.37,0.83
google flat front bag grey,Google Flat Front Bag Grey,Lifestyle/Bags/,5406,1023,99,44,61,0.5,18.92,1.83,0.81,44.44,72.13,24.8,1.37,0.83
google utility backpack,Google Utility BackPack,Lifestyle/Bags/,5391,876,59,22,39,0.5,16.25,1.09,0.41,37.29,56.41,24.8,1.37,0.83
android iconic glass bottle green,Android Iconic Glass Bottle Green,Lifestyle/Drinkware/,5355,1527,20,11,16,0.49,28.52,0.37,0.21,55.0,68.75,24.8,1.37,0.83
youtube crew socks,YouTube Crew Socks,Home/Apparel/Socks/,5241,976,39,21,42,0.48,18.62,0.74,0.4,53.85,50.0,24.8,1.37,0.83
#iamremarkable water bottle,#IamRemarkable Water Bottle,Lifestyle/Drinkware/,5173,1499,26,18,22,0.48,28.98,0.5,0.35,69.23,81.82,24.8,1.37,0.83
stainless bent straw/cleaner,Stainless Bent Straw/Cleaner,Lifestyle/Drinkware/,5139,1450,17,12,12,0.47,28.22,0.33,0.23,70.59,100.0,24.8,1.37,0.83
youtube play mug,YouTube Play Mug,Home/Shop by Brand/YouTube/,5088,834,58,37,52,0.47,16.39,1.14,0.73,63.79,71.15,24.8,1.37,0.83
google dino game tee,Google Dino Game Tee,Home/Apparel/Men's / Unisex/,5077,997,91,57,84,0.47,19.64,1.79,1.12,62.64,67.86,24.8,1.37,0.83
keyboard dot sticker,Keyboard DOT Sticker,Home/Stationery/,5045,1360,86,43,61,0.47,26.96,1.7,0.85,50.0,70.49,24.8,1.37,0.83
google mural bottle,Google Mural Bottle,Lifestyle/Drinkware/,5022,1472,22,10,25,0.46,29.31,0.44,0.2,45.45,40.0,24.8,1.37,0.83
google cup cap tumbler grey,Google Cup Cap Tumbler Grey,Lifestyle/Drinkware/,4975,1455,41,17,23,0.46,29.25,0.82,0.34,41.46,73.91,24.8,1.37,0.83
google confetti accessory pouch,Google Confetti Accessory Pouch,Lifestyle/Bags/,4954,890,19,12,14,0.46,17.97,0.38,0.24,63.16,85.71,24.8,1.37,0.83
google crew socks,Google Crew Socks,Home/Apparel/,4935,1061,146,88,132,0.46,21.5,2.96,1.78,60.27,66.67,24.8,1.37,0.83
youtube iconic play pin,YouTube Iconic Play Pin,Home/Shop by Brand/YouTube/,4872,766,43,22,25,0.45,15.72,0.88,0.45,51.16,88.0,24.8,1.37,0.83
android iconic mug gray,Android Iconic Mug Gray,Lifestyle/Drinkware/,4870,1408,47,23,30,0.45,28.91,0.97,0.47,48.94,76.67,24.8,1.37,0.83
google women's puff jacket black,Google Women's Puff Jacket Black,Home/Apparel/Women's/,4863,1174,51,33,46,0.45,24.14,1.05,0.68,64.71,71.74,24.8,1.37,0.83
google mesh bag red,Google Mesh Bag Red,Lifestyle/Bags/,4857,897,13,8,12,0.45,18.47,0.27,0.16,61.54,66.67,24.8,1.37,0.83
google tech taco,Google Tech Taco,Lifestyle/Small Goods/,4840,1130,12,8,13,0.45,23.35,0.25,0.17,66.67,61.54,24.8,1.37,0.83
google woodtop bottle black,Google Woodtop Bottle Black,Lifestyle/Drinkware/,4768,1395,60,29,54,0.44,29.26,1.26,0.61,48.33,53.7,24.8,1.37,0.83
google incognito messenger bag,Google Incognito Messenger Bag,Lifestyle/Bags/,4697,824,16,10,12,0.43,17.54,0.34,0.21,62.5,83.33,24.8,1.37,0.83
google campus bike carry pouch,Google Campus Bike Carry Pouch,Lifestyle/Bags/,4691,836,22,17,22,0.43,17.82,0.47,0.36,77.27,77.27,24.8,1.37,0.83
google mesh bag blue,Google Mesh Bag Blue,Lifestyle/Bags/,4687,830,49,23,31,0.43,17.71,1.05,0.49,46.94,74.19,24.8,1.37,0.83
google tudes recycled tee,Google Tudes Recycled Tee,Home/Apparel/Men's / Unisex/,4650,1236,29,20,21,0.43,26.58,0.62,0.43,68.97,95.24,24.8,1.37,0.83
mural food container,Mural Food Container,Home/Eco-Friendly/,4647,733,13,8,14,0.43,15.77,0.28,0.17,61.54,57.14,24.8,1.37,0.83
google women's grid zip-up,Google Women's Grid Zip-Up,Home/Apparel/Women's/,4592,1119,57,43,49,0.42,24.37,1.24,0.94,75.44,87.76,24.8,1.37,0.83
google phone stand bamboo,Google Phone Stand Bamboo,Lifestyle/Small Goods/,4571,1067,42,24,46,0.42,23.34,0.92,0.53,57.14,52.17,24.8,1.37,0.83
google bottle cleaner,Google Bottle Cleaner,Lifestyle/Drinkware/,4483,1287,8,2,3,0.41,28.71,0.18,0.04,25.0,66.67,24.8,1.37,0.83
google mouse pad navy,Google Mouse Pad Navy,Lifestyle/Small Goods/,4428,1133,26,20,25,0.41,25.59,0.59,0.45,76.92,80.0,24.8,1.37,0.83
#iamremarkable ladies t-shirt,#IamRemarkable Ladies T-Shirt,Home/Apparel/Women's/,4421,1103,22,14,23,0.41,24.95,0.5,0.32,63.64,60.87,24.8,1.37,0.83
google men's puff jacket black,Google Men's Puff Jacket Black,Home/Apparel/Men's / Unisex/,4327,826,55,35,52,0.4,19.09,1.27,0.81,63.64,67.31,24.8,1.37,0.83
google jotter task pad,Google Jotter Task Pad,Home/Eco-Friendly/,4102,895,5,4,12,0.38,21.82,0.12,0.1,80.0,33.33,24.8,1.37,0.83
google small cable organizer blue,Google Small Cable Organizer Blue,Lifestyle/,4090,971,20,14,19,0.38,23.74,0.49,0.34,70.0,73.68,24.8,1.37,0.83
google see-no hear-no set,Google See-No Hear-No Set,Lifestyle/Small Goods/,3879,855,48,30,43,0.36,22.04,1.24,0.77,62.5,69.77,24.8,1.37,0.83
android jotter task pad,Android Jotter Task Pad,Home/Stationery/Notebooks/,3662,704,10,6,12,0.34,19.22,0.27,0.16,60.0,50.0,24.8,1.37,0.83
android iconic pin,Android Iconic Pin,Lifestyle/Small Goods/,3619,799,20,12,17,0.33,22.08,0.55,0.33,60.0,70.59,24.8,1.37,0.83
google toddler fc tee charcoal,Google Toddler FC Tee Charcoal,Home/Apparel/,3550,744,48,31,38,0.33,20.96,1.35,0.87,64.58,81.58,24.8,1.37,0.83
google lovehandle black,Google LoveHandle Black,Lifestyle/Small Goods/,3533,779,30,18,30,0.33,22.05,0.85,0.51,60.0,60.0,24.8,1.37,0.83
google black tee,Google Black Tee,Sale,3452,731,0,0,0,0.32,21.18,0.0,0.0,,,24.8,1.37,0.83
google crewneck sweatshirt grey,Google Crewneck Sweatshirt Grey,Home/Apparel/Men's / Unisex/,3371,1069,79,53,76,0.31,31.71,2.34,1.57,67.09,69.74,24.8,1.37,0.83
google pocket tee grey,Google Pocket Tee Grey,Sale,3361,864,0,0,0,0.31,25.71,0.0,0.0,,,24.8,1.37,0.83
google laptop and cell phone stickers,Google Laptop and Cell Phone Stickers,Home/Stationery/,3297,1004,178,96,138,0.3,30.45,5.4,2.91,53.93,69.57,24.8,1.37,0.83
google cloud  unisex zip hoodie,Google Cloud  Unisex Zip Hoodie,Home/New/,3297,892,0,0,0,0.3,27.05,0.0,0.0,,,24.8,1.37,0.83
google youth fc tee charcoal,Google Youth FC Tee Charcoal,Home/Apparel/Kids/,3197,771,25,19,28,0.3,24.12,0.78,0.59,76.0,67.86,24.8,1.37,0.83
google unisex pride eco-tee black,Google Unisex Pride Eco-Tee Black,Men's / Unisex,3182,637,0,0,0,0.29,20.02,0.0,0.0,,,24.8,1.37,0.83
#iamremarkable unisex t-shirt,#IamRemarkable Unisex T-Shirt,Home/Apparel/Men's / Unisex/,3175,756,54,34,43,0.29,23.81,1.7,1.07,62.96,79.07,24.8,1.37,0.83
google metallic notebook set,Google Metallic Notebook Set,Home/Stationery/Notebooks/,3154,1018,162,91,119,0.29,32.28,5.14,2.89,56.17,76.47,24.8,1.37,0.83
google large standard journal grey,Google Large Standard Journal Grey,Office,3152,909,80,44,68,0.29,28.84,2.54,1.4,55.0,64.71,24.8,1.37,0.83
youtube 25 oz gear cap bottle black,YouTube 25 oz Gear Cap Bottle Black,Home/Shop by Brand/YouTube/,3147,512,14,9,16,0.29,16.27,0.44,0.29,64.29,56.25,24.8,1.37,0.83
google thermal tumbler navy,Google Thermal Tumbler Navy,Lifestyle/Drinkware/,3120,615,70,47,71,0.29,19.71,2.24,1.51,67.14,66.2,24.8,1.37,0.83
google camp mug ivory,Google Camp Mug Ivory,Drinkware,3110,902,156,117,178,0.29,29.0,5.02,3.76,75.0,65.73,24.8,1.37,0.83
google black cork journal,Google Black Cork Journal,Home/Stationery/,3102,896,97,51,74,0.29,28.88,3.13,1.64,52.58,68.92,24.8,1.37,0.83
google youth fc longsleeve charcoal,Google Youth FC Longsleeve Charcoal,Home/Apparel/,3075,713,31,17,22,0.28,23.19,1.01,0.55,54.84,77.27,24.8,1.37,0.83
google split seam tee olive,Google Split Seam Tee Olive,Home/Apparel/Men's / Unisex/,3043,827,49,27,35,0.28,27.18,1.61,0.89,55.1,77.14,24.8,1.37,0.83
google super g tumbler (red lid),Google Super G Tumbler (Red Lid),Home/Eco-Friendly/,3031,597,54,33,40,0.28,19.7,1.78,1.09,61.11,82.5,24.8,1.37,0.83
google perk thermal tumbler,Google Perk Thermal Tumbler,Lifestyle/Drinkware/,3001,570,105,69,101,0.28,18.99,3.5,2.3,65.71,68.32,24.8,1.37,0.83
google pen white,Google Pen White,Home/Stationery/Writing/,2971,1004,122,78,101,0.27,33.79,4.11,2.63,63.93,77.23,24.8,1.37,0.83
google cloud pen,Google Cloud Pen,Home/New/,2953,756,67,39,44,0.27,25.6,2.27,1.32,58.21,88.64,24.8,1.37,0.83
google recycled pen black,Google Recycled Pen Black,Home/Eco-Friendly/,2929,579,51,28,38,0.27,19.77,1.74,0.96,54.9,73.68,24.8,1.37,0.83
google super g tumbler (blue lid),Google Super G Tumbler (Blue Lid),Home/Eco-Friendly/,2920,529,13,9,18,0.27,18.12,0.45,0.31,69.23,50.0,24.8,1.37,0.83
google cotopaxi shell,Google Cotopaxi Shell,Home/Eco-Friendly/,2917,426,71,48,73,0.27,14.6,2.43,1.65,67.61,65.75,24.8,1.37,0.83
android pocket onesie navy,Android Pocket Onesie Navy,Home/Apparel/Kids/,2902,770,41,30,46,0.27,26.53,1.41,1.03,73.17,65.22,24.8,1.37,0.83
snowflake android cardboard sculpture,Snowflake Android Cardboard Sculpture,Lifestyle/Small Goods/,2859,646,20,11,21,0.26,22.6,0.7,0.38,55.0,52.38,24.8,1.37,0.83
google clear pen 4-pack,Google Clear Pen 4-Pack,Home/Stationery/Writing/,2857,974,131,80,138,0.26,34.09,4.59,2.8,61.07,57.97,24.8,1.37,0.83
google emoji sticker pack,Google Emoji Sticker Pack,Home/Stationery/,2816,816,58,33,51,0.26,28.98,2.06,1.17,56.9,64.71,24.8,1.37,0.83
google cambridge campus sticker,Google Cambridge Campus Sticker,Home/Campus Collection/,2801,840,25,16,18,0.26,29.99,0.89,0.57,64.0,88.89,24.8,1.37,0.83
google nyc campus sticker,Google NYC Campus Sticker,Home/Campus Collection/,2728,814,45,28,38,0.25,29.84,1.65,1.03,62.22,73.68,24.8,1.37,0.83
google confetti slim task pad,Google Confetti Slim Task Pad,Home/Stationery/Notebooks/,2649,752,20,15,24,0.24,28.39,0.76,0.57,75.0,62.5,24.8,1.37,0.83
google cambridge campus zip hoodie,Google Cambridge Campus Zip Hoodie,Home/Sale/,2637,697,18,14,16,0.24,26.43,0.68,0.53,77.78,87.5,24.8,1.37,0.83
#iamremarkable unisex hoodie,#IamRemarkable Unisex Hoodie,Home/Apparel/,2586,478,36,24,26,0.24,18.48,1.39,0.93,66.67,92.31,24.8,1.37,0.83
google canteen bottle black,Google Canteen Bottle Black,Lifestyle/,2577,648,119,88,116,0.24,25.15,4.62,3.41,73.95,75.86,24.8,1.37,0.83
google nyc campus bottle,Google NYC Campus Bottle,Home/Campus Collection/,2552,724,40,23,34,0.24,28.37,1.57,0.9,57.5,67.65,24.8,1.37,0.83
google mini kick ball,Google Mini Kick Ball,Lifestyle/,2550,433,23,13,35,0.24,16.98,0.9,0.51,56.52,37.14,24.8,1.37,0.83
google aluminum bottle red,Google Aluminum Bottle Red,Home/New/,2489,617,40,21,22,0.23,24.79,1.61,0.84,52.5,95.45,24.8,1.37,0.83
google infant hero tee olive,Google Infant Hero Tee Olive,Home/Apparel/Kids/,2479,582,34,25,37,0.23,23.48,1.37,1.01,73.53,67.57,24.8,1.37,0.83
google women's eco tee black,Google Women's Eco Tee Black,Home/Apparel/,2441,617,1,1,1,0.23,25.28,0.04,0.04,100.0,100.0,24.8,1.37,0.83
google nyc campus mug,Google NYC Campus Mug,Home/Campus Collection/,2426,706,99,68,90,0.22,29.1,4.08,2.8,68.69,75.56,24.8,1.37,0.83
google toddler tee white,Google Toddler Tee White,Home/Apparel/Kids/,2404,531,32,23,27,0.22,22.09,1.33,0.96,71.88,85.19,24.8,1.37,0.83
candy cane android cardboard sculpture,Candy Cane Android Cardboard Sculpture,Lifestyle/Small Goods/,2382,290,0,0,1,0.22,12.17,0.0,0.0,,0.0,24.8,1.37,0.83
android buoy bottle,Android Buoy Bottle,Home/Shop by Brand/Android/,2363,452,82,39,50,0.22,19.13,3.47,1.65,47.56,78.0,24.8,1.37,0.83
google cambridge campus mug,Google Cambridge Campus Mug,Home/Campus Collection/,2346,653,66,38,44,0.22,27.83,2.81,1.62,57.58,86.36,24.8,1.37,0.83
google cambridge campus bottle,Google Cambridge Campus Bottle,Home/Campus Collection/,2332,637,18,5,7,0.22,27.32,0.77,0.21,27.78,71.43,24.8,1.37,0.83
google nyc campus lapel pin,Google NYC Campus Lapel Pin,Home/Campus Collection/,2318,642,30,19,22,0.21,27.7,1.29,0.82,63.33,86.36,24.8,1.37,0.83
google cambridge campus unisex tee,Google Cambridge Campus Unisex Tee,Home/Campus Collection/,2311,628,15,10,12,0.21,27.17,0.65,0.43,66.67,83.33,24.8,1.37,0.83
google cambridge campus ladies tee,Google Cambridge Campus Ladies Tee,Home/Campus Collection/,2311,626,7,5,6,0.21,27.09,0.3,0.22,71.43,83.33,24.8,1.37,0.83
google camp mug gray,Google Camp Mug Gray,,2305,760,109,76,85,0.21,32.97,4.73,3.3,69.72,89.41,24.8,1.37,0.83
google cambridge campus tote,Google Cambridge Campus Tote,Home/Campus Collection/,2282,623,5,4,4,0.21,27.3,0.22,0.18,80.0,100.0,24.8,1.37,0.83
google crew combed cotton sock,Google Crew Combed Cotton Sock,Home/Apparel/Socks/,2270,574,76,54,83,0.21,25.29,3.35,2.38,71.05,65.06,24.8,1.37,0.83
google color block notebook,Google Color Block Notebook,Home/Stationery/Notebooks/,2249,410,16,12,17,0.21,18.23,0.71,0.53,75.0,70.59,24.8,1.37,0.83
google bear baby blanket beige,Google Bear Baby Blanket Beige,Small Goods,2195,589,21,17,33,0.2,26.83,0.96,0.77,80.95,51.52,24.8,1.37,0.83
google light pen blue,Google Light Pen Blue,Home/Stationery/,2174,823,104,67,81,0.2,37.86,4.78,3.08,64.42,82.72,24.8,1.37,0.83
google toddler fc zip hoodie,Google Toddler FC Zip Hoodie,Home/Apparel/Kids/,2168,394,87,56,68,0.2,18.17,4.01,2.58,64.37,82.35,24.8,1.37,0.83
google youth hero tee grey,Google Youth Hero Tee Grey,Home/Apparel/Kids/,2167,511,37,25,32,0.2,23.58,1.71,1.15,67.57,78.13,24.8,1.37,0.83
google bot (multicolored),Google Bot (Multicolored),Home/New/,2142,490,62,30,36,0.2,22.88,2.89,1.4,48.39,83.33,24.8,1.37,0.83
google 24oz ring bottle blue,Google 24oz Ring Bottle Blue,Lifestyle/Drinkware/,2093,520,43,34,42,0.19,24.84,2.05,1.62,79.07,80.95,24.8,1.37,0.83
google decal,Google Decal,Home/Shop by Brand/,2090,550,53,26,61,0.19,26.32,2.54,1.24,49.06,42.62,24.8,1.37,0.83
google sunglasses,Google Sunglasses,Small Goods,2080,333,62,39,67,0.19,16.01,2.98,1.88,62.9,58.21,24.8,1.37,0.83
google campus bike,Google Campus Bike,Lifestyle,2033,170,95,64,96,0.19,8.36,4.67,3.15,67.37,66.67,24.8,1.37,0.83
google chrome dino light up water bottle,Google Chrome Dino Light Up Water Bottle,Home/New/,2023,429,9,7,7,0.19,21.21,0.44,0.35,77.78,100.0,24.8,1.37,0.83
maze pen,Maze Pen,Home/Stationery/,1970,516,53,26,45,0.18,26.19,2.69,1.32,49.06,57.78,24.8,1.37,0.83
supernatural paper backpack,Supernatural Paper Backpack,Home/Eco-Friendly/,1950,319,19,4,7,0.18,16.36,0.97,0.21,21.05,57.14,24.8,1.37,0.83
google mural sticker sheet,Google Mural Sticker Sheet,Small Goods,1909,603,76,51,66,0.18,31.59,3.98,2.67,67.11,77.27,24.8,1.37,0.83
google men's tech fleece vest charcoal,Google Men's Tech Fleece Vest Charcoal,Men's / Unisex,1904,392,70,47,60,0.18,20.59,3.68,2.47,67.14,78.33,24.8,1.37,0.83
#iamremarkable journal,#IamRemarkable Journal,Home/Stationery/Notebooks/,1903,628,36,26,36,0.18,33.0,1.89,1.37,72.22,72.22,24.8,1.37,0.83
google toddler hero tee black,Google Toddler Hero Tee Black,Sale,1887,534,20,15,22,0.17,28.3,1.06,0.79,75.0,68.18,24.8,1.37,0.83
flamingo and friends tee blue,Flamingo and Friends Tee Blue,Men's T-Shirts/,1875,395,36,20,25,0.17,21.07,1.92,1.07,55.56,80.0,24.8,1.37,0.83
google mountain view tee blue,Google Mountain View Tee Blue,Sale,1852,349,0,0,0,0.17,18.84,0.0,0.0,,,24.8,1.37,0.83
google hemp tote,Google Hemp Tote,Home/Eco-Friendly/,1847,407,56,35,48,0.17,22.04,3.03,1.89,62.5,72.92,24.8,1.37,0.83
google tee blue,Google Tee Blue,Home/Sale/,1846,437,16,13,16,0.17,23.67,0.87,0.7,81.25,81.25,24.8,1.37,0.83
google youth hero tee maroon,Google Youth Hero Tee Maroon,Home/Apparel/Kids/,1838,444,18,14,20,0.17,24.16,0.98,0.76,77.78,70.0,24.8,1.37,0.83
google pen citron,Google Pen Citron,Home/Stationery/Writing/,1827,613,54,35,50,0.17,33.55,2.96,1.92,64.81,70.0,24.8,1.37,0.83
android iconic sticker sheet,Android Iconic Sticker Sheet,Home/Stationery/Stickers/,1805,572,18,9,14,0.17,31.69,1.0,0.5,50.0,64.29,24.8,1.37,0.83
google campus bike grid task pad,Google Campus Bike Grid Task Pad,Stationery,1795,522,20,14,22,0.17,29.08,1.11,0.78,70.0,63.64,24.8,1.37,0.83
google youth badge tee navy,Google Youth Badge Tee Navy,Home/Apparel/Kids/,1791,570,25,20,23,0.17,31.83,1.4,1.12,80.0,86.96,24.8,1.37,0.83
android pocket toddler tee navy,Android Pocket Toddler Tee Navy,Home/Apparel/Kids/,1764,547,36,25,27,0.16,31.01,2.04,1.42,69.44,92.59,24.8,1.37,0.83
android iconic 4&quot; decal,Android Iconic 4&quot; Decal,Home/Stationery/Stickers/,1751,568,13,4,17,0.16,32.44,0.74,0.23,30.77,23.53,24.8,1.37,0.83
google youth badge tee olive,Google Youth Badge Tee Olive,Home/Apparel/Kids/,1750,527,35,25,30,0.16,30.11,2.0,1.43,71.43,83.33,24.8,1.37,0.83
google tee red,Google Tee Red,Home/Sale/,1706,424,24,15,22,0.16,24.85,1.41,0.88,62.5,68.18,24.8,1.37,0.83
google tee dark blue,Google Tee Dark Blue,Home/Sale/,1695,389,0,0,0,0.16,22.95,0.0,0.0,,,24.8,1.37,0.83
google shoreline water bottle,Google Shoreline Water Bottle,Lifestyle/,1658,363,21,10,10,0.15,21.89,1.27,0.6,47.62,100.0,24.8,1.37,0.83
google infant charcoal onesie,Google Infant Charcoal Onesie,,1629,399,25,18,42,0.15,24.49,1.53,1.1,72.0,42.86,24.8,1.37,0.83
supernatural paper lunch sack,Supernatural Paper Lunch Sack,Home/Eco-Friendly/,1586,268,14,9,13,0.15,16.9,0.88,0.57,64.29,69.23,24.8,1.37,0.83
google appeel journal red,Google ApPeel Journal Red,Home/Stationery/Notebooks/,1571,473,28,15,22,0.15,30.11,1.78,0.95,53.57,68.18,24.8,1.37,0.83
google clear framed yellow shades,Google Clear Framed Yellow Shades,Lifestyle/,1561,225,58,30,44,0.14,14.41,3.72,1.92,51.72,68.18,24.8,1.37,0.83
google pride sticker,Google Pride Sticker,Home/Stationery/Stickers/,1561,499,63,29,48,0.14,31.97,4.04,1.86,46.03,60.42,24.8,1.37,0.83
google crew striped athletic sock,Google Crew Striped Athletic Sock,Home/Apparel/Socks/,1520,426,60,43,56,0.14,28.03,3.95,2.83,71.67,76.79,24.8,1.37,0.83
google light pen red,Google Light Pen Red,Home/Stationery/Writing/,1511,589,77,49,67,0.14,38.98,5.1,3.24,63.64,73.13,24.8,1.37,0.83
google incognito zip pack,Google Incognito Zip Pack,Bags,1485,142,38,17,23,0.14,9.56,2.56,1.14,44.74,73.91,24.8,1.37,0.83
google men's softshell moss,Google Men's Softshell Moss,Home/Apparel/Men's / Unisex/,1481,293,26,18,30,0.14,19.78,1.76,1.22,69.23,60.0,24.8,1.37,0.83
google toddler hero tee olive,Google Toddler Hero Tee Olive,Home/Apparel/Kids/,1476,256,13,10,16,0.14,17.34,0.88,0.68,76.92,62.5,24.8,1.37,0.83
google confetti task pad,Google Confetti Task Pad,Home/Stationery/Notebooks/,1450,286,28,19,23,0.13,19.72,1.93,1.31,67.86,82.61,24.8,1.37,0.83
google tracking hat,Google Tracking Hat,Home/Apparel/Hats/,1448,0,0,0,0,0.13,0.0,0.0,0.0,,,24.8,1.37,0.83
google tee f/c black,Google Tee F/C Black,Sale,1426,450,4,3,7,0.13,31.56,0.28,0.21,75.0,42.86,24.8,1.37,0.83
google recycled pen green,Google Recycled Pen Green,Home/Eco-Friendly/,1417,325,15,7,10,0.13,22.94,1.06,0.49,46.67,70.0,24.8,1.37,0.83
supernatural paper tote,Supernatural Paper Tote,Home/Eco-Friendly/,1407,259,19,6,13,0.13,18.41,1.35,0.43,31.58,46.15,24.8,1.37,0.83
google tee grey,Google Tee Grey,Sale,1393,272,19,9,16,0.13,19.53,1.36,0.65,47.37,56.25,24.8,1.37,0.83
google keepcup,Google KeepCup,Home/Eco-Friendly/,1391,209,46,28,42,0.13,15.03,3.31,2.01,60.87,66.67,24.8,1.37,0.83
google cloth & pouch black,Google Cloth & Pouch Black,Lifestyle/,1355,369,6,5,8,0.13,27.23,0.44,0.37,83.33,62.5,24.8,1.37,0.83
google pen bright blue,Google Pen Bright Blue,Home/Stationery/Writing/,1354,539,52,35,48,0.13,39.81,3.84,2.58,67.31,72.92,24.8,1.37,0.83
google felt luggage tag,Google Felt Luggage Tag,Home/Eco-Friendly/,1301,279,30,17,20,0.12,21.45,2.31,1.31,56.67,85.0,24.8,1.37,0.83
google cork card holder,Google Cork Card Holder,Sale,1252,262,31,20,24,0.12,20.93,2.48,1.6,64.52,83.33,24.8,1.37,0.83
google cork pencil pouch,Google Cork Pencil Pouch,Lifestyle/Bags/,1241,275,42,14,23,0.11,22.16,3.38,1.13,33.33,60.87,24.8,1.37,0.83
google tonal tee spearmint,Google Tonal Tee Spearmint,Home/Sale/,1225,93,0,0,2,0.11,7.59,0.0,0.0,,0.0,24.8,1.37,0.83
google cork passport holder,Google Cork Passport Holder,Home/Eco-Friendly/,1224,253,32,19,20,0.11,20.67,2.61,1.55,59.38,95.0,24.8,1.37,0.83
google mountain view campus unisex tee,Google Mountain View Campus Unisex Tee,Home/Shop by Brand/Google/,1223,342,6,4,7,0.11,27.96,0.49,0.33,66.67,57.14,24.8,1.37,0.83
google youth fc zip hoodie,Google Youth FC Zip Hoodie,Home/Apparel/Kids/,1204,156,7,5,5,0.11,12.96,0.58,0.42,71.43,100.0,24.8,1.37,0.83
google tonal tee coral,Google Tonal Tee Coral,Sale,1200,268,7,3,6,0.11,22.33,0.58,0.25,42.86,50.0,24.8,1.37,0.83
google light pen green,Google Light Pen Green,Home/Stationery/Writing/,1190,453,67,41,58,0.11,38.07,5.63,3.45,61.19,70.69,24.8,1.37,0.83
android iconic socks,Android Iconic Socks,Home/Apparel/Socks/,1188,372,21,14,19,0.11,31.31,1.77,1.18,66.67,73.68,24.8,1.37,0.83
google knit blanket,Google Knit Blanket,Small Goods,1186,220,23,10,12,0.11,18.55,1.94,0.84,43.48,83.33,24.8,1.37,0.83
google mural socks,Google Mural Socks,Home/Apparel/Socks/,1185,344,34,24,41,0.11,29.03,2.87,2.03,70.59,58.54,24.8,1.37,0.83
google premium sunglasses,Google Premium Sunglasses,Home/Shop by Brand/Google/,1168,229,37,21,32,0.11,19.61,3.17,1.8,56.76,65.63,24.8,1.37,0.83
google cork tablet case,Google Cork Tablet Case,Home/Eco-Friendly/,1146,228,5,3,6,0.11,19.9,0.44,0.26,60.0,50.0,24.8,1.37,0.83
google mural sticky note pad,Google Mural Sticky Note Pad,Home/Stationery/Notebooks/,1141,379,52,35,44,0.11,33.22,4.56,3.07,67.31,79.55,24.8,1.37,0.83
google cork key ring,Google Cork Key Ring,Home/Eco-Friendly/,1133,257,23,12,15,0.1,22.68,2.03,1.06,52.17,80.0,24.8,1.37,0.83
android pocket tee navy,Android Pocket Tee Navy,Men's / Unisex,1097,309,59,37,51,0.1,28.17,5.38,3.37,62.71,72.55,24.8,1.37,0.83
stan and friends onesie green,Stan and Friends Onesie Green,Men's T-Shirts/,1090,200,17,14,24,0.1,18.35,1.56,1.28,82.35,58.33,24.8,1.37,0.83
google pen grey,Google Pen Grey,Home/Stationery/Writing/,1086,452,43,24,31,0.1,41.62,3.96,2.21,55.81,77.42,24.8,1.37,0.83
google red kids sunglasses,Google Red Kids Sunglasses,Home/Shop by Brand/Google/,1079,227,22,18,22,0.1,21.04,2.04,1.67,81.82,81.82,24.8,1.37,0.83
stainless straight straw/cleaner,Stainless Straight Straw/Cleaner,Home/Eco-Friendly/,1072,288,24,15,20,0.1,26.87,2.24,1.4,62.5,75.0,24.8,1.37,0.83
google black cloud zip hoodie,Google Black Cloud Zip Hoodie,Home/New/,1064,296,36,28,46,0.1,27.82,3.38,2.63,77.78,60.87,24.8,1.37,0.83
google women's tech fleece vest charcoal,Google Women's Tech Fleece Vest Charcoal,Home/Sale/,1051,234,13,10,22,0.1,22.26,1.24,0.95,76.92,45.45,24.8,1.37,0.83
google campus bike corkbase mug blue,Google Campus Bike Corkbase Mug Blue,Mugs & Tumblers/,1043,233,47,35,48,0.1,22.34,4.51,3.36,74.47,72.92,24.8,1.37,0.83
google pen grass green,Google Pen Grass Green,Home/Stationery/Writing/,1043,426,32,19,28,0.1,40.84,3.07,1.82,59.38,67.86,24.8,1.37,0.83
google mens microfleece jacket black,Google Mens Microfleece Jacket Black,Sale,1040,153,9,4,9,0.1,14.71,0.87,0.38,44.44,44.44,24.8,1.37,0.83
android pocket onesie white,Android Pocket Onesie White,Home/Apparel/Kids/,1036,97,0,0,1,0.1,9.36,0.0,0.0,,0.0,24.8,1.37,0.83
google frisbee,Google Frisbee,Lifestyle/,1036,140,19,13,21,0.1,13.51,1.83,1.25,68.42,61.9,24.8,1.37,0.83
google packable bag black,Google Packable Bag Black,Bags,1031,198,71,36,48,0.1,19.2,6.89,3.49,50.7,75.0,24.8,1.37,0.83