item_name,item_category,cart_after_view_sessions,purchase_after_cart_sessions,cart_without_purchase_sessions,cart_to_purchase_rate_pct,cart_abandonment_rate_pct
Google Navy Speckled Tee,Home/Apparel/Women's/,4111,59,4052,1.44,98.56
Google Zip Hoodie F/C,Home/Apparel/,4092,93,3999,2.27,97.73
Super G Unisex Joggers,Home/Apparel/Men's / Unisex/,3940,94,3846,2.39,97.61
Google Land & Sea Cotton Cap,Home/Apparel/Hats/,3760,70,3690,1.86,98.14
Google Campus Bike Eco Tee Navy,Home/Apparel/Women's/,3517,16,3501,0.45,99.55
Google Women's Striped L/S,Home/Sale/,3420,0,3420,0.0,100.0
YouTube Leather Strap Hat Black,Home/Apparel/Hats/,3338,40,3298,1.2,98.8
Google Speckled Beanie Navy,Home/Apparel/,3205,56,3149,1.75,98.25
Android SM S/F18 Sticker Sheet,Home/Stationery/,3198,58,3140,1.81,98.19
Google Crewneck Sweatshirt Navy,Home/Apparel/Men's / Unisex/,3246,108,3138,3.33,96.67
Android Large Removable Sticker Sheet,Home/Shop by Brand/Android/,3161,31,3130,0.98,99.02
Google Leather Strap Hat Blue,Home/Apparel/Hats/,3070,65,3005,2.12,97.88
Google Heathered Pom Beanie,Home/Apparel/,3086,94,2992,3.05,96.95
Google Badge Heavyweight Pullover Black,Home/Apparel/Men's / Unisex/,3007,61,2946,2.03,97.97
Google F/C Long Sleeve Tee Charcoal,Home/Apparel/Men's / Unisex/,2893,0,2893,0.0,100.0
Google Small Standard Journal Navy,Home/Sale/,2845,13,2832,0.46,99.54
Google F/C Long Sleeve Tee Ash,Home/Apparel/Men's / Unisex/,2774,0,2774,0.0,100.0
Google Crewneck Sweatshirt Green,Home/Apparel/Men's / Unisex/,2830,87,2743,3.07,96.93
YouTube Twill Sandwich Cap Black,Home/Apparel/,2773,59,2714,2.13,97.87
Android Iconic Hat Green,Home/Apparel/Hats/,2677,10,2667,0.37,99.63
Android Iconic Hat Black,Home/Apparel/Hats/,2681,22,2659,0.82,99.18
Google Leather Strap Hat Black,Home/Apparel/Hats/,2630,4,2626,0.15,99.85
Android Large Trace Journal Black,Home/Sale/,2609,9,2600,0.34,99.66
Android Iconic Beanie,Home/Apparel/Hats/,2601,19,2582,0.73,99.27
Google Speckled Beanie Grey,Home/Apparel/Hats/,2618,37,2581,1.41,98.59
Android Iconic Hat White,Home/Apparel/Hats/,2548,13,2535,0.51,99.49
Google Tee Yellow,Home/Sale/,2485,17,2468,0.68,99.32
Android Techie 3D Framed Art,Lifestyle/Small Goods/,2466,21,2445,0.85,99.15
Android Super Hero 3D Framed Art,Home/Sale/,2413,16,2397,0.66,99.34
Android Small Trace Journal Black,Stationery,2383,8,2375,0.34,99.66
YouTube Icon Tee Grey,Home/Apparel/Men's / Unisex/,2266,23,2243,1.02,98.98
Google Sherpa Zip Hoodie Charcoal,Home/Apparel/Men's / Unisex/,2231,32,2199,1.43,98.57
YouTube Women's Favorite Tee White,Home/Sale/,2198,1,2197,0.05,99.95
Google Tee Green,Home/Sale/,2198,12,2186,0.55,99.45
YouTube Icon Tee Charcoal,Home/Apparel/Men's / Unisex/,2145,43,2102,2.0,98.0
Google Heather Green Speckled Tee,Home/Apparel/Men's / Unisex/,2071,25,2046,1.21,98.79
Google Red Speckled Tee,Home/Apparel/Men's / Unisex/,2097,70,2027,3.34,96.66
Google Land & Sea Journal Set,Home/Eco-Friendly/,2051,25,2026,1.22,98.78
Google Land & Sea French Terry Sweatshirt,Home/Eco-Friendly/,2021,13,2008,0.64,99.36
Google Eco Tee Black,Home/Apparel/Women's/,1962,0,1962,0.0,100.0
Google Utility Bag Grey,Lifestyle/Small Goods/,1917,31,1886,1.62,98.38
Android Iconic Crewneck Sweatshirt,Home/Apparel/Men's / Unisex/,1739,42,1697,2.42,97.58
Google Men's Tech Fleece Grey,Home/Apparel/Men's / Unisex/,1697,40,1657,2.36,97.64
Google Glass Bottle,Lifestyle/Drinkware/,1671,42,1629,2.51,97.49
Google Blue Stojo Cup,Home/New/,1577,19,1558,1.2,98.8
Google Laptop Sleeve Charcoal,Lifestyle/Bags/,1560,6,1554,0.38,99.62
Android Iconic Glass Bottle Green,Lifestyle/Drinkware/,1527,11,1516,0.72,99.28
Google Cork Base Tumbler,Lifestyle/Drinkware/,1526,16,1510,1.05,98.95
Google Land & Sea Mug,Drinkware,1536,28,1508,1.82,98.18
Google Land & Sea Tech Taco,Home/New/,1505,15,1490,1.0,99.0
#IamRemarkable Water Bottle,Lifestyle/Drinkware/,1499,16,1483,1.07,98.93
Google Land & Sea Nalgene Water Bottle,Drinkware,1499,20,1479,1.33,98.67
Android Garden Tee Orange,Home/Apparel/Women's/,1484,8,1476,0.54,99.46
YouTube Jotter Task Pad,Home/Stationery/,1507,40,1467,2.65,97.35
Google Mural Bottle,Lifestyle/Drinkware/,1472,7,1465,0.48,99.52
Google Campus Bike Bottle,Lifestyle/Drinkware/,1483,20,1463,1.35,98.65
Google Cup Cap Tumbler Grey,Lifestyle/Drinkware/,1455,14,1441,0.96,99.04
Stainless Bent Straw/Cleaner,Lifestyle/Drinkware/,1450,10,1440,0.69,99.31
Google Beekeepers Tee Mint,Home/Apparel/Women's/,1433,25,1408,1.74,98.26
Stan and Friends Tee Green,Home/Apparel/Women's/,1409,17,1392,1.21,98.79
Android Iconic Mug Gray,Lifestyle/Drinkware/,1408,16,1392,1.14,98.86
Google Woodtop Bottle Black,Lifestyle/Drinkware/,1395,24,1371,1.72,98.28
Keyboard DOT Sticker,Home/Stationery/,1360,37,1323,2.72,97.28
Google Land & Sea Women's Eco Tee,Home/New/,1306,2,1304,0.15,99.85
Google Bottle Cleaner,Lifestyle/Drinkware/,1287,2,1285,0.16,99.84
Noogler Android Figure,Lifestyle/,1318,52,1266,3.95,96.05
Google Women's Microfleece Jacket Black,Home/Apparel/Women's/,1281,15,1266,1.17,98.83
Google Land & Sea Unisex Tee,Home/New/,1240,0,1240,0.0,100.0
Google Tudes Recycled Tee,Home/Apparel/Men's / Unisex/,1236,13,1223,1.05,98.95
Google Large Tote White,Lifestyle/Bags/,1237,42,1195,3.4,96.6
YouTube Small Sticker Sheet,Home/Shop by Brand/YouTube/,1186,2,1184,0.17,99.83
Google Women's Puff Jacket Black,Home/Apparel/Women's/,1174,21,1153,1.79,98.21
Google Tech Taco,Lifestyle/Small Goods/,1130,7,1123,0.62,99.38
Google Mouse Pad Navy,Lifestyle/Small Goods/,1133,17,1116,1.5,98.5
Google Women's Grid Zip-Up,Home/Apparel/Women's/,1119,22,1097,1.97,98.03
#IamRemarkable Ladies T-Shirt,Home/Apparel/Women's/,1103,8,1095,0.73,99.27
Google Phone Stand Bamboo,Lifestyle/Small Goods/,1067,22,1045,2.06,97.94
Google Land & Sea Tote Bag,Home/New/,1060,16,1044,1.51,98.49
Google Crewneck Sweatshirt Grey,Home/Apparel/Men's / Unisex/,1069,37,1032,3.46,96.54
Google Flat Front Bag Grey,Lifestyle/Bags/,1023,29,994,2.83,97.17
Google Crew Socks,Home/Apparel/,1061,69,992,6.5,93.5
Google Dino Game Tee,Home/Apparel/Men's / Unisex/,997,32,965,3.21,96.79
Google Small Cable Organizer Blue,Lifestyle/,971,12,959,1.24,98.76
YouTube Crew Socks,Home/Apparel/Socks/,976,20,956,2.05,97.95
YouTube Transmission Journal Red,Home/Stationery/Notebooks/,961,12,949,1.25,98.75
Google Metallic Notebook Set,Home/Stationery/Notebooks/,1018,72,946,7.07,92.93
Google Pen White,Home/Stationery/Writing/,1004,70,934,6.97,93.03
Google Laptop and Cell Phone Stickers,Home/Stationery/,1004,82,922,8.17,91.83
Google Sherpa Zip Hoodie Navy,Home/Apparel/Men's / Unisex/,944,23,921,2.44,97.56
YouTube Standards Zip Hoodie Black,Home/Shop by Brand/YouTube/,920,9,911,0.98,99.02
Google Clear Pen 4-Pack,Home/Stationery/Writing/,974,77,897,7.91,92.09
Google Cloud  Unisex Zip Hoodie,Home/New/,892,0,892,0.0,100.0
Google Mesh Bag Red,Lifestyle/Bags/,897,6,891,0.67,99.33
Google Jotter Task Pad,Home/Eco-Friendly/,895,4,891,0.45,99.55
Google Confetti Accessory Pouch,Lifestyle/Bags/,890,9,881,1.01,98.99
Google Campus Bike Tote Navy,Lifestyle/Bags/,909,29,880,3.19,96.81
Google Large Standard Journal Grey,Office,909,31,878,3.41,96.59
Google Utility BackPack,Lifestyle/Bags/,876,11,865,1.26,98.74
Google Pocket Tee Grey,Sale,864,0,864,0.0,100.0
Google Black Cork Journal,Home/Stationery/,896,43,853,4.8,95.2
Google See-No Hear-No Set,Lifestyle/Small Goods/,855,21,834,2.46,97.54
Google Cambridge Campus Sticker,Home/Campus Collection/,840,16,824,1.9,98.1
Google Campus Bike Carry Pouch,Lifestyle/Bags/,836,16,820,1.91,98.09
Google Incognito Messenger Bag,Lifestyle/Bags/,824,4,820,0.49,99.51
Google Camp Mug Ivory,Drinkware,902,87,815,9.65,90.35
Google Split Seam Tee Olive,Home/Apparel/Men's / Unisex/,827,14,813,1.69,98.31
Google Mesh Bag Blue,Lifestyle/Bags/,830,20,810,2.41,97.59
Google Men's Puff Jacket Black,Home/Apparel/Men's / Unisex/,826,17,809,2.06,97.94
YouTube Play Mug,Home/Shop by Brand/YouTube/,834,32,802,3.84,96.16
Google NYC Campus Sticker,Home/Campus Collection/,814,25,789,3.07,96.93
Android Iconic Pin,Lifestyle/Small Goods/,799,12,787,1.5,98.5
Google Emoji Sticker Pack,Home/Stationery/,816,33,783,4.04,95.96
Google Light Pen Blue,Home/Stationery/,823,56,767,6.8,93.2
Google LoveHandle Black,Lifestyle/Small Goods/,779,12,767,1.54,98.46
Google Youth FC Tee Charcoal,Home/Apparel/Kids/,771,10,761,1.3,98.7
Android Pocket Onesie Navy,Home/Apparel/Kids/,770,21,749,2.73,97.27
YouTube Iconic Play Pin,Home/Shop by Brand/YouTube/,766,19,747,2.48,97.52
Google Confetti Slim Task Pad,Home/Stationery/Notebooks/,752,9,743,1.2,98.8
#IamRemarkable Unisex T-Shirt,Home/Apparel/Men's / Unisex/,756,23,733,3.04,96.96
Google Black Tee,Sale,731,0,731,0.0,100.0
Mural Food Container,Home/Eco-Friendly/,733,4,729,0.55,99.45
Google Cloud Pen,Home/New/,756,34,722,4.5,95.5
Google Toddler FC Tee Charcoal,Home/Apparel/,744,27,717,3.63,96.37
Google Camp Mug Gray,,760,53,707,6.97,93.03
Google NYC Campus Bottle,Home/Campus Collection/,724,18,706,2.49,97.51
Google Youth FC Longsleeve Charcoal,Home/Apparel/,713,11,702,1.54,98.46
Android Jotter Task Pad,Home/Stationery/Notebooks/,704,7,697,0.99,99.01
Google Cambridge Campus Zip Hoodie,Home/Sale/,697,9,688,1.29,98.71
Google NYC Campus Mug,Home/Campus Collection/,706,60,646,8.5,91.5
Snowflake Android Cardboard Sculpture,Lifestyle/Small Goods/,646,7,639,1.08,98.92
Google Unisex Pride Eco-Tee Black,Men's / Unisex,637,0,637,0.0,100.0
Google Cambridge Campus Bottle,Home/Campus Collection/,637,4,633,0.63,99.37
Google NYC Campus Lapel Pin,Home/Campus Collection/,642,17,625,2.65,97.35
Google Cambridge Campus Unisex Tee,Home/Campus Collection/,628,5,623,0.8,99.2
Google Cambridge Campus Ladies Tee,Home/Campus Collection/,626,4,622,0.64,99.36
Google Cambridge Campus Mug,Home/Campus Collection/,653,34,619,5.21,94.79
Google Cambridge Campus Tote,Home/Campus Collection/,623,4,619,0.64,99.36
Google Women's Eco Tee Black,Home/Apparel/,617,0,617,0.0,100.0
#IamRemarkable Journal,Home/Stationery/Notebooks/,628,22,606,3.5,96.5
Google Aluminum Bottle Red,Home/New/,617,18,599,2.92,97.08
Google Thermal Tumbler Navy,Lifestyle/Drinkware/,615,29,586,4.72,95.28
Google Canteen Bottle Black,Lifestyle/,648,65,583,10.03,89.97
Google Bear Baby Blanket Beige,Small Goods,589,8,581,1.36,98.64
Google Pen Citron,Home/Stationery/Writing/,613,33,580,5.38,94.62
Google Super G Tumbler (Red Lid),Home/Eco-Friendly/,597,20,577,3.35,96.65
Google Infant Hero Tee Olive,Home/Apparel/Kids/,582,13,569,2.23,97.77
Android Iconic 4&quot; Decal,Home/Stationery/Stickers/,568,3,565,0.53,99.47
Android Iconic Sticker Sheet,Home/Stationery/Stickers/,572,8,564,1.4,98.6
Google Mural Sticker Sheet,Small Goods,603,41,562,6.8,93.2
Google Youth Badge Tee Navy,Home/Apparel/Kids/,570,14,556,2.46,97.54
Google Recycled Pen Black,Home/Eco-Friendly/,579,24,555,4.15,95.85
Google Light Pen Red,Home/Stationery/Writing/,589,41,548,6.96,93.04
Google Crew Combed Cotton Sock,Home/Apparel/Socks/,574,38,536,6.62,93.38
Android Pocket Toddler Tee Navy,Home/Apparel/Kids/,547,18,529,3.29,96.71
Google Decal,Home/Shop by Brand/,550,22,528,4.0,96.0
Google Super G Tumbler (Blue Lid),Home/Eco-Friendly/,529,7,522,1.32,98.68
Google Perk Thermal Tumbler,Lifestyle/Drinkware/,570,49,521,8.6,91.4
Google Toddler Hero Tee Black,Sale,534,13,521,2.43,97.57
Google Toddler Tee White,Home/Apparel/Kids/,531,16,515,3.01,96.99
Google Campus Bike Grid Task Pad,Stationery,522,11,511,2.11,97.89
Google Youth Badge Tee Olive,Home/Apparel/Kids/,527,20,507,3.8,96.2
Google Pen Bright Blue,Home/Stationery/Writing/,539,34,505,6.31,93.69
YouTube 25 oz Gear Cap Bottle Black,Home/Shop by Brand/YouTube/,512,8,504,1.56,98.44
Google Youth Hero Tee Grey,Home/Apparel/Kids/,511,14,497,2.74,97.26
Google 24oz Ring Bottle Blue,Lifestyle/Drinkware/,520,28,492,5.38,94.62
Maze Pen,Home/Stationery/,516,24,492,4.65,95.35
Google Pride Sticker,Home/Stationery/Stickers/,499,22,477,4.41,95.59
Google Bot (Multicolored),Home/New/,490,21,469,4.29,95.71
Google ApPeel Journal Red,Home/Stationery/Notebooks/,473,8,465,1.69,98.31
#IamRemarkable Unisex Hoodie,Home/Apparel/,478,17,461,3.56,96.44
Google Tee F/C Black,Sale,450,2,448,0.44,99.56
Google Youth Hero Tee Maroon,Home/Apparel/Kids/,444,7,437,1.58,98.42
Google Pen Grey,Home/Stationery/Writing/,452,20,432,4.42,95.58
Google Tee Blue,Home/Sale/,437,7,430,1.6,98.4
Google Chrome Dino Light Up Water Bottle,Home/New/,429,6,423,1.4,98.6
Google Mini Kick Ball,Lifestyle/,433,11,422,2.54,97.46
Android Buoy Bottle,Home/Shop by Brand/Android/,452,32,420,7.08,92.92
Google Light Pen Green,Home/Stationery/Writing/,453,35,418,7.73,92.27
Google Tee Red,Home/Sale/,424,10,414,2.36,97.64
Google Cotopaxi Shell,Home/Eco-Friendly/,426,17,409,3.99,96.01
Google Pen Grass Green,Home/Stationery/Writing/,426,18,408,4.23,95.77
Google Color Block Notebook,Home/Stationery/Notebooks/,410,8,402,1.95,98.05
Google Crew Striped Athletic Sock,Home/Apparel/Socks/,426,37,389,8.69,91.31
Google Tee Dark Blue,Home/Sale/,389,0,389,0.0,100.0
Google Infant Charcoal Onesie,,399,15,384,3.76,96.24
Google Hemp Tote,Home/Eco-Friendly/,407,26,381,6.39,93.61
Flamingo and Friends Tee Blue,Men's T-Shirts/,395,14,381,3.54,96.46
Google Men's Tech Fleece Vest Charcoal,Men's / Unisex,392,25,367,6.38,93.62
Google Cloth & Pouch Black,Lifestyle/,369,3,366,0.81,99.19
Google Toddler FC Zip Hoodie,Home/Apparel/Kids/,394,29,365,7.36,92.64
Android Iconic Socks,Home/Apparel/Socks/,372,12,360,3.23,96.77
Google Mountain View Campus Sticker,,364,8,356,2.2,97.8
Google Shoreline Water Bottle,Lifestyle/,363,9,354,2.48,97.52
#IamRemarkable Pen,Home/Stationery/Writing/,357,3,354,0.84,99.16
Google Mural Sticky Note Pad,Home/Stationery/Notebooks/,379,26,353,6.86,93.14
Google Mountain View Tee Blue,Sale,349,0,349,0.0,100.0
Google Sunnyvale Campus Sticker,Home/Sale/,352,10,342,2.84,97.16
Google Mountain View Campus Unisex Tee,Home/Shop by Brand/Google/,342,3,339,0.88,99.12
Google Stylus Pen w/ LED Light,Home/Stationery/Writing/,331,0,331,0.0,100.0
Google Mural Socks,Home/Apparel/Socks/,344,19,325,5.52,94.48
Google Recycled Pen Green,Home/Eco-Friendly/,325,6,319,1.85,98.15
Supernatural Paper Backpack,Home/Eco-Friendly/,319,2,317,0.63,99.37
Google Sunglasses,Small Goods,333,20,313,6.01,93.99
Google PNW Campus Sticker,Home/Sale/,311,7,304,2.25,97.75
Google LA Campus Sticker,Home/Campus Collection/,316,23,293,7.28,92.72
Google Seattle Campus Sticker,Home/Sale/,312,19,293,6.09,93.91
Candy Cane Android Cardboard Sculpture,Lifestyle/Small Goods/,290,0,290,0.0,100.0
Google Men's Softshell Moss,Home/Apparel/Men's / Unisex/,293,7,286,2.39,97.61
Android Pocket Tee Navy,Men's / Unisex,309,24,285,7.77,92.23
Google Boulder Campus Sticker,Home/Shop by Brand/Google/,298,17,281,5.7,94.3
Google Black Cloud Zip Hoodie,Home/New/,296,18,278,6.08,93.92
White Google Shoreline Bottle,Home/New/,293,18,275,6.14,93.86
Stainless Straight Straw/Cleaner,Home/Eco-Friendly/,288,14,274,4.86,95.14
Google Confetti Task Pad,Home/Stationery/Notebooks/,286,14,272,4.9,95.1
Android Iconic Bottle Black,Lifestyle/Drinkware/,268,1,267,0.37,99.63
Google Felt Luggage Tag,Home/Eco-Friendly/,279,13,266,4.66,95.34
Google Tonal Tee Coral,Sale,268,2,266,0.75,99.25
Google Tee Grey,Sale,272,7,265,2.57,97.43
Supernatural Paper Lunch Sack,Home/Eco-Friendly/,268,4,264,1.49,98.51
Google Cork Pencil Pouch,Lifestyle/Bags/,275,14,261,5.09,94.91
Google Bellevue Campus Sticker,Home/Sale/,265,5,260,1.89,98.11
Supernatural Paper Tote,Home/Eco-Friendly/,259,2,257,0.77,99.23
Google Kirkland Campus Sticker,Home/Sale/,263,7,256,2.66,97.34
Google Cork Card Holder,Sale,262,12,250,4.58,95.42
Google Cork Key Ring,Home/Eco-Friendly/,257,10,247,3.89,96.11
Google Toddler Hero Tee Olive,Home/Apparel/Kids/,256,9,247,3.52,96.48
Google Cork Passport Holder,Home/Eco-Friendly/,253,14,239,5.53,94.47
Google Women's Tech Fleece Vest Charcoal,Home/Sale/,234,7,227,2.99,97.01
Google Striped Penny Pouch,Lifestyle/,233,8,225,3.43,96.57
Google Cork Tablet Case,Home/Eco-Friendly/,228,3,225,1.32,98.68
Google Premium Sunglasses,Home/Shop by Brand/Google/,229,17,212,7.42,92.58
Google Red Kids Sunglasses,Home/Shop by Brand/Google/,227,16,211,7.05,92.95
Google Knit Blanket,Small Goods,220,9,211,4.09,95.91
Google NYC Campus Unisex Tee,Campus Collection,215,4,211,1.86,98.14
Google Campus Bike Corkbase Mug Blue,Mugs & Tumblers/,233,23,210,9.87,90.13
Google Lightweight Crew Sweatshirt Grey,Home/Sale/,207,0,207,0.0,100.0
Google Clear Framed Yellow Shades,Lifestyle/,225,24,201,10.67,89.33
Stan and Friends Onesie Green,Men's T-Shirts/,200,5,195,2.5,97.5
Google Confetti Pen White,Home/Shop by Brand/Google/,208,14,194,6.73,93.27
Google Sunnyvale Campus Mug,Campus Collection,216,23,193,10.65,89.35
Google NYC Campus Zip Hoodie,Home/Campus Collection/,223,34,189,15.25,84.75
Google KeepCup,Home/Eco-Friendly/,209,20,189,9.57,90.43
Google Recycled Writing Set,Writing,212,27,185,12.74,87.26
Google Twill Cap Charcoal,Home/Apparel/,201,20,181,9.95,90.05
Google Kids Playful Tee,Home/Sale/,178,0,178,0.0,100.0
Google Blue Kids Sunglasses,Small Goods,199,24,175,12.06,87.94
Google Packable Bag Black,Bags,198,26,172,13.13,86.87
Google Women's Black Tee,Home/Sale/,176,4,172,2.27,97.73
Google Magnet,Small Goods,223,54,169,24.22,75.78
Android Pocket Youth Tee Green,Home/Apparel/,172,6,166,3.49,96.51
Google Sunnyvale Campus Zip Hoodie,Home/Campus Collection/,166,5,161,3.01,96.99
Google Mural Mug,Lifestyle/Drinkware/,189,29,160,15.34,84.66
Google NYC Campus Ladies Tee,Sale,171,11,160,6.43,93.57
Google Mountain View Campus Zip Hoodie,Home/Shop by Brand/Google/,165,7,158,4.24,95.76
Android Iconic Notebook,Home/Stationery/Notebooks/,161,5,156,3.11,96.89
Google Youth FC Zip Hoodie,Home/Apparel/Kids/,156,1,155,0.64,99.36
Google Jumbo Print Tee White,Men's / Unisex,152,0,152,0.0,100.0
Android Iconic Pen,Home/Shop by Brand/Android/,163,12,151,7.36,92.64
Google Mens Microfleece Jacket Black,Sale,153,3,150,1.96,98.04
Google Raincoat Navy,Men's / Unisex,155,11,144,7.1,92.9
Google Men's Discovery Lt. Rain Shell,Home/Sale/,140,0,140,0.0,100.0
Google Youth Jumbo Print Tee White,Home/Apparel/Kids/,138,0,138,0.0,100.0
Google Youth F/C Pullover Hoodie,Apparel,138,0,138,0.0,100.0
Android Pocket Youth Tee Navy,Home/Apparel/Kids/,141,6,135,4.26,95.74
Google Sunnyvale Campus Unisex Tee,Home/Shop by Brand/Google/,139,5,134,3.6,96.4
Android Lumberjack Pin,Home/Shop by Brand/Android/,152,19,133,12.5,87.5
Google Incognito Zip Pack,Bags,142,9,133,6.34,93.66
Google LA Campus Mug,Sale,161,32,129,19.88,80.12
Google Frisbee,Lifestyle/,140,12,128,8.57,91.43
Google SF Campus Zip Hoodie,,135,10,125,7.41,92.59
Google Austin Campus Zip Hoodie,Home/Sale/,134,11,123,8.21,91.79
Google Austin Campus Mug,Campus Collection,167,45,122,26.95,73.05
Google Campus Bike,Lifestyle,170,49,121,28.82,71.18
Google Chicago Campus Zip Hoodie,Home/Sale/,129,10,119,7.75,92.25
Google Women's Tech Fleece Grey,Women's,120,1,119,0.83,99.17
Google Seattle Campus Mug,Home/Sale/,162,44,118,27.16,72.84
Google Pen Neon Coral,Writing,133,16,117,12.03,87.97
Google PNW Campus Mug,Home/Campus Collection/,152,37,115,24.34,75.66
Google Sustainable Pencil Pouch,Eco-Friendly,128,13,115,10.16,89.84
Google Mural Notebook,Home/Stationery/Notebooks/,125,10,115,8.0,92.0
#IamRemarkable Lapel Pin,Lifestyle/Small Goods/,124,9,115,7.26,92.74
Google Pen Lilac,Writing,132,19,113,14.39,85.61
Google Utensil Set,Small Goods,125,12,113,9.6,90.4
Google 16 oz Tumbler Blue,Lifestyle/Drinkware/,118,5,113,4.24,95.76
Google SF Campus Unisex Tee,Campus Collection,115,3,112,2.61,97.39
Google Sunnyvale Campus Ladies Tee,Home/Campus Collection/,111,6,105,5.41,94.59
Google LA Campus Zip Hoodie,Home/Sale/,112,9,103,8.04,91.96
Google Mountain View Campus Ladies Tee,Home/Campus Collection/,109,6,103,5.5,94.5
Google Sunnyvale Campus Bottle,Home/Campus Collection/,107,4,103,3.74,96.26
Google Clear Framed Blue Shades,Small Goods,129,27,102,20.93,79.07
Google Clear Framed Gray Shades,Home/Shop by Brand/Google/,119,19,100,15.97,84.03
Google Sunnyvale Campus Tote,Home/Campus Collection/,101,2,99,1.98,98.02
Google SF Campus Bottle,Sale,117,19,98,16.24,83.76
Google Boulder Campus Zip Hoodie,Home/Sale/,107,9,98,8.41,91.59
Essential Canvas Tote,Bags,100,2,98,2.0,98.0
Google Chicago Campus Mug,Campus Collection,127,33,94,25.98,74.02
Google Keychain,Google,120,37,83,30.83,69.17
Google Boulder Campus Mug,,104,21,83,20.19,79.81